student_id,Target,predicted_target
STU-1854,Graduate,Graduate
STU-2400,Graduate,Graduate
STU-0511,Enrolled,Dropout
STU-0243,Graduate,Graduate
STU-3393,Graduate,Graduate
STU-1788,Graduate,Dropout
STU-1159,Graduate,Graduate
STU-0261,Graduate,Graduate
STU-1853,Graduate,Graduate
STU-1192,Graduate,Graduate
STU-3272,Graduate,Graduate
STU-3241,Enrolled,Enrolled
STU-1865,Dropout,Dropout
STU-3440,Dropout,Enrolled
STU-3159,Enrolled,Enrolled
STU-3395,Enrolled,Enrolled
STU-0231,Graduate,Graduate
STU-1718,Enrolled,Dropout
STU-0724,Dropout,Dropout
STU-0483,Dropout,Dropout
STU-3250,Graduate,Graduate
STU-4221,Dropout,Dropout
STU-0704,Dropout,Dropout
STU-3626,Enrolled,Enrolled
STU-1693,Graduate,Graduate
STU-2597,Dropout,Graduate
STU-0090,Enrolled,Dropout
STU-1658,Enrolled,Enrolled
STU-2019,Enrolled,Graduate
STU-4313,Dropout,Dropout
STU-3195,Enrolled,Enrolled
STU-3848,Dropout,Dropout
STU-4056,Dropout,Enrolled
STU-4004,Graduate,Graduate
STU-3322,Dropout,Dropout
STU-3182,Dropout,Dropout
STU-0109,Dropout,Enrolled
STU-3443,Graduate,Graduate
STU-3650,Dropout,Dropout
STU-0745,Graduate,Graduate
STU-2001,Dropout,Dropout
STU-0839,Dropout,Dropout
STU-1910,Graduate,Graduate
STU-3231,Graduate,Graduate
STU-2874,Graduate,Graduate
STU-4083,Enrolled,Enrolled
STU-0891,Graduate,Graduate
STU-3582,Graduate,Graduate
STU-3477,Graduate,Graduate
STU-4113,Graduate,Enrolled
STU-0655,Graduate,Enrolled
STU-4408,Graduate,Graduate
STU-0183,Dropout,Dropout
STU-0601,Dropout,Dropout
STU-1398,Graduate,Graduate
STU-1539,Dropout,Dropout
STU-4324,Dropout,Dropout
STU-0076,Dropout,Enrolled
STU-3825,Enrolled,Dropout
STU-3298,Dropout,Dropout
STU-3305,Graduate,Graduate
STU-1994,Graduate,Graduate
STU-1736,Graduate,Graduate
STU-1814,Graduate,Enrolled
STU-2928,Graduate,Enrolled
STU-4136,Graduate,Graduate
STU-0215,Graduate,Graduate
STU-1265,Graduate,Graduate
STU-3998,Graduate,Graduate
STU-2644,Dropout,Enrolled
STU-1153,Enrolled,Enrolled
STU-1894,Enrolled,Graduate
STU-0548,Enrolled,Enrolled
STU-3424,Dropout,Graduate
STU-2940,Dropout,Dropout
STU-3971,Graduate,Graduate
STU-0850,Graduate,Graduate
STU-1399,Graduate,Graduate
STU-1592,Dropout,Dropout
STU-3416,Enrolled,Graduate
STU-1559,Dropout,Dropout
STU-2611,Graduate,Graduate
STU-0419,Graduate,Graduate
STU-0978,Graduate,Graduate
STU-0567,Dropout,Dropout
STU-4176,Graduate,Graduate
STU-2620,Graduate,Graduate
STU-3797,Graduate,Graduate
STU-4321,Enrolled,Enrolled
STU-4027,Graduate,Graduate
STU-0192,Enrolled,Dropout
STU-3481,Graduate,Graduate
STU-3698,Enrolled,Enrolled
STU-3943,Graduate,Graduate
STU-1458,Enrolled,Graduate
STU-2802,Dropout,Dropout
STU-0838,Enrolled,Enrolled
STU-3276,Graduate,Graduate
STU-0810,Enrolled,Graduate
STU-3643,Graduate,Graduate
STU-0918,Dropout,Dropout
STU-4417,Graduate,Graduate
STU-1007,Graduate,Graduate
STU-2601,Dropout,Graduate
STU-3380,Graduate,Graduate
STU-2665,Graduate,Graduate
STU-2847,Dropout,Dropout
STU-1054,Graduate,Graduate
STU-4292,Graduate,Dropout
STU-1472,Enrolled,Enrolled
STU-2756,Graduate,Graduate
STU-1838,Enrolled,Graduate
STU-4171,Enrolled,Enrolled
STU-0134,Dropout,Dropout
STU-2701,Dropout,Dropout
STU-4210,Graduate,Graduate
STU-2311,Graduate,Graduate
STU-1687,Graduate,Enrolled
STU-0744,Dropout,Enrolled
STU-3647,Enrolled,Enrolled
STU-2114,Graduate,Graduate
STU-2497,Graduate,Graduate
STU-0738,Dropout,Dropout
STU-0777,Graduate,Graduate
STU-3984,Graduate,Graduate
STU-3124,Graduate,Graduate
STU-3754,Graduate,Graduate
STU-0674,Graduate,Graduate
STU-0019,Graduate,Enrolled
STU-2158,Graduate,Graduate
STU-3565,Dropout,Dropout
STU-2295,Dropout,Dropout
STU-4248,Graduate,Graduate
STU-2594,Dropout,Enrolled
STU-2801,Graduate,Graduate
STU-0563,Dropout,Dropout
STU-1011,Graduate,Graduate
STU-1013,Graduate,Graduate
STU-0253,Graduate,Graduate
STU-2617,Dropout,Dropout
STU-2248,Enrolled,Dropout
STU-1561,Enrolled,Enrolled
STU-1816,Enrolled,Graduate
STU-0779,Enrolled,Graduate
STU-1551,Graduate,Graduate
STU-2399,Graduate,Graduate
STU-4348,Dropout,Enrolled
STU-2108,Graduate,Graduate
STU-2468,Enrolled,Graduate
STU-2725,Graduate,Graduate
STU-3740,Dropout,Enrolled
STU-3785,Dropout,Dropout
STU-3445,Dropout,Dropout
STU-1339,Dropout,Enrolled
STU-1376,Dropout,Dropout
STU-2588,Enrolled,Dropout
STU-4181,Enrolled,Dropout
STU-1361,Dropout,Dropout
STU-2688,Dropout,Dropout
STU-2092,Enrolled,Enrolled
STU-2205,Graduate,Graduate
STU-2397,Dropout,Dropout
STU-1974,Graduate,Graduate
STU-2769,Graduate,Graduate
STU-1728,Enrolled,Graduate
STU-1032,Enrolled,Enrolled
STU-3936,Enrolled,Enrolled
STU-3948,Dropout,Dropout
STU-3237,Graduate,Graduate
STU-2193,Dropout,Dropout
STU-3239,Graduate,Graduate
STU-2245,Dropout,Dropout
STU-2297,Dropout,Dropout
STU-4196,Graduate,Graduate
STU-1140,Graduate,Graduate
STU-3409,Dropout,Dropout
STU-1970,Graduate,Graduate
STU-0642,Enrolled,Enrolled
STU-4011,Dropout,Dropout
STU-1573,Dropout,Dropout
STU-2192,Dropout,Dropout
STU-2813,Graduate,Graduate
STU-1957,Enrolled,Enrolled
STU-3260,Graduate,Graduate
STU-0415,Graduate,Graduate
STU-2112,Graduate,Graduate
STU-2214,Dropout,Enrolled
STU-1777,Graduate,Graduate
STU-2990,Enrolled,Enrolled
STU-1812,Graduate,Graduate
STU-3573,Dropout,Dropout
STU-4007,Graduate,Graduate
STU-1567,Graduate,Graduate
STU-0503,Enrolled,Dropout
STU-1440,Graduate,Graduate
STU-0290,Graduate,Graduate
STU-0393,Dropout,Dropout
STU-1214,Graduate,Graduate
STU-3903,Enrolled,Enrolled
STU-2508,Graduate,Graduate
STU-4273,Graduate,Graduate
STU-3910,Dropout,Dropout
STU-2692,Graduate,Enrolled
STU-3922,Graduate,Graduate
STU-3077,Dropout,Enrolled
STU-2480,Dropout,Enrolled
STU-1578,Enrolled,Enrolled
STU-1938,Graduate,Graduate
STU-3519,Dropout,Dropout
STU-1681,Enrolled,Enrolled
STU-0881,Graduate,Graduate
STU-1172,Graduate,Graduate
STU-3859,Dropout,Dropout
STU-1347,Graduate,Graduate
STU-2429,Dropout,Enrolled
STU-3861,Dropout,Dropout
STU-1790,Graduate,Graduate
STU-0920,Graduate,Graduate
STU-2469,Dropout,Enrolled
STU-1407,Graduate,Graduate
STU-0840,Graduate,Graduate
STU-0027,Graduate,Graduate
STU-2049,Graduate,Graduate
STU-2321,Dropout,Dropout
STU-3739,Graduate,Graduate
STU-1733,Dropout,Dropout
STU-1045,Graduate,Graduate
STU-3634,Graduate,Graduate
STU-1757,Enrolled,Graduate
STU-3071,Enrolled,Graduate
STU-0218,Dropout,Dropout
STU-3676,Graduate,Graduate
STU-1225,Graduate,Graduate
STU-2046,Graduate,Graduate
STU-4078,Dropout,Dropout
STU-0633,Graduate,Graduate
STU-4014,Graduate,Graduate
STU-3946,Graduate,Graduate
STU-3685,Dropout,Enrolled
STU-0668,Graduate,Graduate
STU-0518,Dropout,Enrolled
STU-1211,Dropout,Dropout
STU-0085,Graduate,Graduate
STU-0432,Graduate,Graduate
STU-0598,Dropout,Dropout
STU-0336,Graduate,Graduate
STU-0746,Dropout,Dropout
STU-1729,Dropout,Dropout
STU-3293,Dropout,Dropout
STU-2794,Graduate,Dropout
STU-0844,Graduate,Graduate
STU-2283,Dropout,Dropout
STU-4317,Graduate,Graduate
STU-3898,Graduate,Graduate
STU-0732,Graduate,Enrolled
STU-1534,Enrolled,Dropout
STU-2717,Enrolled,Dropout
STU-1423,Graduate,Graduate
STU-3081,Graduate,Graduate
STU-0139,Enrolled,Graduate
STU-1797,Graduate,Graduate
STU-1959,Dropout,Graduate
STU-0476,Graduate,Graduate
STU-2025,Enrolled,Enrolled
STU-3106,Dropout,Graduate
STU-3083,Graduate,Graduate
STU-1351,Graduate,Graduate
STU-0287,Enrolled,Graduate
STU-4167,Enrolled,Enrolled
STU-3613,Dropout,Enrolled
STU-2063,Graduate,Graduate
STU-3097,Graduate,Graduate
STU-1689,Enrolled,Dropout
STU-2383,Dropout,Graduate
STU-1277,Graduate,Graduate
STU-1432,Dropout,Dropout
STU-3784,Enrolled,Enrolled
STU-0956,Dropout,Dropout
STU-1316,Graduate,Graduate
STU-4086,Dropout,Dropout
STU-1389,Dropout,Dropout
STU-0541,Graduate,Graduate
STU-3928,Dropout,Dropout
STU-0077,Dropout,Dropout
STU-1985,Graduate,Graduate
STU-4151,Graduate,Graduate
STU-1531,Enrolled,Dropout
STU-1619,Dropout,Graduate
STU-3955,Dropout,Dropout
STU-1206,Graduate,Enrolled
STU-3735,Dropout,Enrolled
STU-1322,Enrolled,Graduate
STU-3787,Dropout,Graduate
STU-3876,Dropout,Dropout
STU-2549,Graduate,Graduate
STU-1937,Graduate,Graduate
STU-0409,Graduate,Graduate
STU-1142,Enrolled,Graduate
STU-2714,Graduate,Enrolled
STU-2829,Enrolled,Graduate
STU-0296,Graduate,Graduate
STU-1151,Graduate,Graduate
STU-2212,Graduate,Graduate
STU-3835,Graduate,Graduate
STU-4120,Graduate,Enrolled
STU-3458,Graduate,Graduate
STU-4190,Graduate,Graduate
STU-3562,Graduate,Graduate
STU-4307,Dropout,Dropout
STU-2966,Graduate,Graduate
STU-2402,Graduate,Graduate
STU-0246,Graduate,Graduate
STU-0421,Graduate,Graduate
STU-1473,Graduate,Graduate
STU-0465,Enrolled,Enrolled
STU-0708,Graduate,Graduate
STU-3090,Dropout,Dropout
STU-1396,Graduate,Graduate
STU-0909,Enrolled,Dropout
STU-2398,Enrolled,Enrolled
STU-1101,Dropout,Enrolled
STU-2404,Graduate,Graduate
STU-0310,Dropout,Dropout
STU-0663,Graduate,Graduate
STU-0275,Graduate,Graduate
STU-3720,Dropout,Dropout
STU-0748,Graduate,Graduate
STU-1684,Dropout,Enrolled
STU-2943,Graduate,Graduate
STU-1546,Graduate,Graduate
STU-3016,Graduate,Graduate
STU-2432,Graduate,Graduate
STU-2374,Enrolled,Graduate
STU-0249,Graduate,Enrolled
STU-3935,Dropout,Dropout
STU-2812,Dropout,Dropout
STU-2237,Enrolled,Enrolled
STU-0962,Graduate,Graduate
STU-0434,Dropout,Dropout
STU-0234,Graduate,Graduate
STU-1803,Graduate,Graduate
STU-2290,Dropout,Dropout
STU-0906,Graduate,Graduate
STU-2067,Graduate,Graduate
STU-3191,Dropout,Dropout
STU-1413,Graduate,Enrolled
STU-0279,Enrolled,Graduate
STU-3571,Graduate,Enrolled
STU-2021,Dropout,Dropout
STU-0216,Enrolled,Graduate
STU-3282,Dropout,Dropout
STU-2447,Dropout,Graduate
STU-0202,Graduate,Graduate
STU-0751,Graduate,Graduate
STU-2055,Graduate,Graduate
STU-1114,Enrolled,Enrolled
STU-3238,Enrolled,Enrolled
STU-2979,Graduate,Graduate
STU-4035,Dropout,Dropout
STU-3351,Enrolled,Graduate
STU-4034,Dropout,Dropout
STU-0986,Graduate,Graduate
STU-2210,Dropout,Dropout
STU-3829,Dropout,Enrolled
STU-1821,Enrolled,Dropout
STU-0057,Dropout,Dropout
STU-4260,Dropout,Enrolled
STU-2221,Graduate,Graduate
STU-1150,Graduate,Graduate
STU-3035,Graduate,Enrolled
STU-0053,Enrolled,Enrolled
STU-2500,Dropout,Dropout
STU-3264,Graduate,Graduate
STU-0659,Graduate,Enrolled
STU-1988,Enrolled,Dropout
STU-0774,Graduate,Graduate
STU-2127,Dropout,Graduate
STU-4179,Graduate,Graduate
STU-0485,Graduate,Graduate
STU-2582,Dropout,Dropout
STU-1464,Dropout,Enrolled
STU-0977,Graduate,Graduate
STU-1966,Graduate,Graduate
STU-4021,Dropout,Dropout
STU-3327,Graduate,Graduate
STU-2939,Enrolled,Enrolled
STU-0190,Graduate,Graduate
STU-0388,Graduate,Dropout
STU-0892,Dropout,Dropout
STU-3414,Dropout,Dropout
STU-2750,Dropout,Graduate
STU-4205,Dropout,Graduate
STU-2538,Graduate,Graduate
STU-4397,Graduate,Graduate
STU-3394,Graduate,Graduate
STU-3886,Graduate,Graduate
STU-0963,Graduate,Graduate
STU-3459,Graduate,Graduate
STU-3529,Dropout,Enrolled
STU-2348,Graduate,Graduate
STU-2869,Enrolled,Enrolled
STU-4353,Dropout,Graduate
STU-4277,Dropout,Dropout
STU-1900,Graduate,Graduate
STU-3281,Graduate,Graduate
STU-2207,Dropout,Dropout
STU-0245,Graduate,Graduate
STU-3641,Graduate,Graduate
STU-0356,Graduate,Graduate
STU-4042,Graduate,Graduate
STU-3558,Dropout,Dropout
STU-3104,Dropout,Dropout
STU-2249,Dropout,Dropout
STU-0665,Graduate,Graduate
STU-4335,Graduate,Graduate
STU-0743,Dropout,Graduate
STU-3030,Graduate,Enrolled
STU-1867,Dropout,Dropout
STU-1348,Enrolled,Enrolled
STU-0169,Graduate,Graduate
STU-0831,Dropout,Graduate
STU-4132,Graduate,Graduate
STU-4127,Enrolled,Enrolled
STU-1188,Dropout,Enrolled
STU-2881,Graduate,Graduate
STU-0702,Dropout,Dropout
STU-0365,Enrolled,Graduate
STU-2047,Dropout,Dropout
STU-2974,Graduate,Enrolled
STU-1810,Graduate,Graduate
STU-2341,Dropout,Dropout
STU-3930,Enrolled,Enrolled
STU-3300,Dropout,Dropout
STU-1614,Dropout,Dropout
STU-1615,Graduate,Graduate
STU-1749,Dropout,Dropout
STU-2434,Enrolled,Enrolled
STU-3654,Enrolled,Enrolled
STU-2991,Graduate,Graduate
STU-0974,Graduate,Dropout
STU-1439,Graduate,Graduate
STU-0324,Graduate,Graduate
STU-3731,Graduate,Enrolled
STU-2050,Graduate,Graduate
STU-0206,Graduate,Dropout
STU-1784,Enrolled,Enrolled
STU-1562,Enrolled,Enrolled
STU-0989,Dropout,Enrolled
STU-4094,Graduate,Graduate
STU-3302,Graduate,Graduate
STU-4231,Graduate,Graduate
STU-1406,Dropout,Dropout
STU-3938,Enrolled,Dropout
STU-3763,Graduate,Graduate
STU-0894,Dropout,Dropout
STU-3350,Dropout,Dropout
STU-0368,Enrolled,Graduate
STU-1600,Dropout,Dropout
STU-1379,Dropout,Dropout
STU-2767,Graduate,Graduate
STU-3979,Graduate,Graduate
STU-1503,Graduate,Graduate
STU-3765,Graduate,Graduate
STU-1861,Dropout,Dropout
STU-3339,Dropout,Dropout
STU-1664,Graduate,Graduate
STU-1006,Graduate,Graduate
STU-0332,Dropout,Dropout
STU-1739,Graduate,Graduate
STU-0618,Graduate,Graduate
STU-2849,Dropout,Graduate
STU-0612,Graduate,Graduate
STU-0967,Dropout,Dropout
STU-3686,Dropout,Graduate
STU-3095,Dropout,Dropout
STU-1863,Dropout,Dropout
STU-0031,Enrolled,Enrolled
STU-0334,Graduate,Graduate
STU-3502,Dropout,Dropout
STU-3105,Graduate,Graduate
STU-4218,Graduate,Graduate
STU-4416,Dropout,Dropout
STU-2408,Dropout,Dropout
STU-3151,Enrolled,Enrolled
STU-0816,Enrolled,Enrolled
STU-3285,Enrolled,Enrolled
STU-0837,Dropout,Enrolled
STU-4206,Graduate,Graduate
STU-1384,Graduate,Graduate
STU-1411,Dropout,Dropout
STU-3291,Dropout,Dropout
STU-0630,Graduate,Enrolled
STU-0566,Graduate,Graduate
STU-2835,Graduate,Graduate
STU-1762,Dropout,Graduate
STU-0866,Graduate,Graduate
STU-3638,Enrolled,Dropout
STU-1315,Enrolled,Enrolled
STU-0714,Graduate,Graduate
STU-1624,Dropout,Dropout
STU-2165,Graduate,Graduate
STU-2440,Dropout,Dropout
STU-2298,Graduate,Enrolled
STU-2856,Dropout,Graduate
STU-2485,Graduate,Graduate
STU-3508,Graduate,Graduate
STU-0652,Enrolled,Dropout
STU-0422,Graduate,Graduate
STU-3994,Graduate,Dropout
STU-1670,Graduate,Graduate
STU-0371,Graduate,Graduate
STU-0123,Dropout,Dropout
STU-1975,Graduate,Graduate
STU-0735,Dropout,Dropout
STU-4130,Graduate,Graduate
STU-3463,Dropout,Dropout
STU-2199,Dropout,Enrolled
STU-1010,Graduate,Graduate
STU-4287,Graduate,Enrolled
STU-1207,Graduate,Graduate
STU-3919,Enrolled,Enrolled
STU-0075,Graduate,Graduate
STU-0592,Enrolled,Enrolled
STU-3288,Dropout,Dropout
STU-3722,Dropout,Dropout
STU-3897,Enrolled,Dropout
STU-2860,Enrolled,Dropout
STU-3832,Enrolled,Graduate
STU-1524,Dropout,Graduate
STU-3453,Graduate,Graduate
STU-2727,Graduate,Graduate
STU-3920,Graduate,Graduate
STU-1069,Graduate,Graduate
STU-3472,Graduate,Dropout
STU-1732,Dropout,Dropout
STU-0943,Enrolled,Dropout
STU-0168,Graduate,Graduate
STU-3798,Dropout,Dropout
STU-1830,Enrolled,Graduate
STU-3309,Graduate,Graduate
STU-2862,Graduate,Graduate
STU-2135,Graduate,Graduate
STU-4326,Graduate,Graduate
STU-1815,Dropout,Dropout
STU-3646,Graduate,Graduate
STU-2418,Graduate,Dropout
STU-2838,Enrolled,Enrolled
STU-0678,Enrolled,Enrolled
STU-3679,Graduate,Graduate
STU-1272,Graduate,Enrolled
STU-3315,Dropout,Dropout
STU-4062,Graduate,Enrolled
STU-0217,Graduate,Graduate
STU-0800,Enrolled,Enrolled
STU-2953,Enrolled,Enrolled
STU-0493,Graduate,Graduate
STU-1209,Dropout,Dropout
STU-0537,Dropout,Dropout
STU-0697,Graduate,Graduate
STU-3606,Graduate,Enrolled
STU-4051,Dropout,Dropout
STU-1419,Graduate,Graduate
STU-0151,Enrolled,Dropout
STU-3100,Dropout,Dropout
STU-3286,Graduate,Graduate
STU-0552,Dropout,Dropout
STU-1948,Graduate,Enrolled
STU-3304,Graduate,Graduate
STU-2443,Dropout,Dropout
STU-3927,Graduate,Graduate
STU-2003,Graduate,Graduate
STU-3918,Graduate,Graduate
STU-2272,Graduate,Graduate
STU-1303,Graduate,Dropout
STU-4082,Enrolled,Enrolled
STU-0464,Graduate,Graduate
STU-2761,Dropout,Graduate
STU-1786,Enrolled,Enrolled
STU-2782,Dropout,Dropout
STU-0177,Graduate,Enrolled
STU-1108,Graduate,Graduate
STU-0634,Graduate,Graduate
STU-3892,Enrolled,Graduate
STU-0739,Enrolled,Enrolled
STU-3313,Enrolled,Enrolled
STU-1818,Graduate,Graduate
STU-1345,Dropout,Dropout
STU-1039,Graduate,Graduate
STU-0863,Dropout,Graduate
STU-0032,Graduate,Graduate
STU-0362,Dropout,Enrolled
STU-1409,Dropout,Dropout
STU-3812,Dropout,Dropout
STU-3715,Dropout,Dropout
STU-2247,Enrolled,Graduate
STU-2029,Graduate,Graduate
STU-0970,Enrolled,Enrolled
STU-3242,Graduate,Graduate
STU-0903,Graduate,Graduate
STU-0731,Dropout,Dropout
STU-0417,Graduate,Graduate
STU-1801,Dropout,Enrolled
STU-3524,Enrolled,Enrolled
STU-4374,Enrolled,Graduate
STU-3210,Graduate,Enrolled
STU-2190,Dropout,Graduate
STU-2524,Dropout,Dropout
STU-1512,Enrolled,Enrolled
STU-3907,Graduate,Graduate
STU-0460,Graduate,Graduate
STU-0638,Enrolled,Enrolled
STU-2792,Graduate,Graduate
STU-2969,Graduate,Graduate
STU-0451,Graduate,Graduate
STU-2260,Graduate,Graduate
STU-1002,Dropout,Dropout
STU-2204,Dropout,Dropout
STU-3599,Graduate,Graduate
STU-0761,Graduate,Graduate
STU-3173,Dropout,Dropout
STU-4023,Graduate,Graduate
STU-1071,Graduate,Graduate
STU-2369,Enrolled,Dropout
STU-2997,Graduate,Graduate
STU-3018,Graduate,Graduate
STU-0940,Dropout,Dropout
STU-3737,Enrolled,Graduate
STU-4236,Enrolled,Enrolled
STU-1978,Graduate,Graduate
STU-2191,Enrolled,Graduate
STU-0200,Enrolled,Dropout
STU-1847,Dropout,Enrolled
STU-2844,Dropout,Dropout
STU-0853,Graduate,Graduate
STU-3554,Dropout,Graduate
STU-4359,Dropout,Dropout
STU-2640,Graduate,Graduate
STU-4182,Dropout,Dropout
STU-2406,Graduate,Dropout
STU-2323,Dropout,Dropout
STU-0571,Graduate,Graduate
STU-3628,Enrolled,Graduate
STU-0055,Dropout,Enrolled
STU-1251,Graduate,Graduate
STU-0792,Dropout,Dropout
STU-3448,Graduate,Graduate
STU-0384,Graduate,Graduate
STU-0870,Graduate,Dropout
STU-2292,Graduate,Enrolled
STU-1200,Graduate,Graduate
STU-4323,Dropout,Dropout
STU-2880,Dropout,Enrolled
STU-4209,Dropout,Dropout
STU-3488,Dropout,Dropout
STU-0292,Graduate,Graduate
STU-0922,Graduate,Graduate
STU-0022,Enrolled,Graduate
STU-0157,Graduate,Graduate
STU-2330,Dropout,Dropout
STU-1042,Graduate,Graduate
STU-4239,Dropout,Dropout
STU-1607,Graduate,Graduate
STU-3213,Graduate,Graduate
STU-0808,Enrolled,Dropout
STU-2187,Enrolled,Graduate
STU-3227,Graduate,Graduate
STU-3362,Graduate,Graduate
STU-0355,Dropout,Dropout
STU-3883,Dropout,Dropout
STU-3352,Dropout,Dropout
STU-1426,Graduate,Graduate
STU-1955,Enrolled,Enrolled
STU-4170,Dropout,Dropout
STU-2805,Graduate,Graduate
STU-1893,Dropout,Dropout
STU-4016,Dropout,Enrolled
STU-1018,Graduate,Graduate
STU-0301,Graduate,Graduate
STU-3003,Dropout,Graduate
STU-4063,Graduate,Graduate
STU-0209,Graduate,Graduate
STU-3145,Graduate,Graduate
STU-3137,Graduate,Enrolled
STU-4312,Enrolled,Enrolled
STU-1902,Graduate,Graduate
STU-0619,Graduate,Graduate
STU-1707,Dropout,Dropout
STU-2616,Dropout,Dropout
STU-2266,Enrolled,Enrolled
STU-1857,Graduate,Dropout
STU-3621,Dropout,Enrolled
STU-3724,Dropout,Enrolled
STU-0783,Graduate,Graduate
STU-0486,Graduate,Graduate
STU-2842,Graduate,Graduate
STU-1969,Enrolled,Dropout
STU-1167,Dropout,Enrolled
STU-3578,Dropout,Dropout
STU-1940,Graduate,Graduate
STU-3844,Dropout,Dropout
STU-2254,Dropout,Dropout
STU-4403,Enrolled,Graduate
STU-4185,Graduate,Graduate
STU-3800,Dropout,Dropout
STU-0771,Graduate,Graduate
STU-0331,Enrolled,Enrolled
STU-1257,Graduate,Graduate
STU-1076,Graduate,Graduate
STU-0086,Graduate,Graduate
STU-2776,Graduate,Graduate
STU-1982,Graduate,Graduate
STU-0478,Dropout,Dropout
STU-2815,Graduate,Dropout
STU-3179,Graduate,Graduate
STU-2807,Graduate,Graduate
STU-1443,Graduate,Graduate
STU-2083,Graduate,Graduate
STU-2551,Graduate,Graduate
STU-3591,Enrolled,Dropout
STU-2122,Graduate,Enrolled
STU-3645,Graduate,Graduate
STU-1267,Graduate,Graduate
STU-1837,Graduate,Graduate
STU-3223,Graduate,Graduate
STU-1469,Graduate,Graduate
STU-0778,Dropout,Graduate
STU-3931,Graduate,Graduate
STU-2197,Enrolled,Enrolled
STU-3867,Dropout,Dropout
STU-2925,Graduate,Graduate
STU-3668,Dropout,Dropout
STU-0951,Graduate,Graduate
STU-3135,Enrolled,Enrolled
STU-3588,Graduate,Graduate
STU-4174,Graduate,Graduate
STU-1829,Dropout,Dropout
STU-0632,Enrolled,Enrolled
STU-2070,Dropout,Dropout
STU-1519,Enrolled,Graduate
STU-0797,Graduate,Graduate
STU-1337,Enrolled,Graduate
STU-0145,Graduate,Graduate
STU-2905,Dropout,Enrolled
STU-1120,Graduate,Graduate
STU-2414,Graduate,Dropout
STU-1860,Enrolled,Dropout
STU-3277,Dropout,Graduate
STU-1417,Dropout,Dropout
STU-3098,Dropout,Dropout
STU-0357,Graduate,Graduate
STU-1568,Graduate,Enrolled
STU-4372,Graduate,Graduate
STU-0227,Graduate,Graduate
STU-3184,Enrolled,Enrolled
STU-1638,Graduate,Graduate
STU-3099,Enrolled,Graduate
STU-0807,Graduate,Graduate
STU-2387,Enrolled,Enrolled
STU-3403,Graduate,Graduate
STU-2441,Dropout,Dropout
STU-0274,Graduate,Graduate
STU-2737,Graduate,Graduate
STU-1182,Graduate,Enrolled
STU-2036,Enrolled,Dropout
STU-3815,Graduate,Graduate
STU-0447,Graduate,Graduate
STU-4178,Enrolled,Enrolled
STU-3483,Dropout,Dropout
STU-0500,Graduate,Graduate
STU-3476,Graduate,Graduate
STU-0681,Graduate,Graduate
STU-2134,Graduate,Graduate
STU-1014,Dropout,Dropout
STU-1509,Graduate,Graduate
STU-0042,Graduate,Graduate
STU-1213,Graduate,Graduate
STU-3581,Graduate,Graduate
STU-3779,Enrolled,Enrolled
STU-0729,Graduate,Graduate
STU-1096,Dropout,Dropout
STU-3046,Graduate,Enrolled
STU-4214,Graduate,Dropout
STU-4279,Graduate,Graduate
STU-3175,Enrolled,Graduate
STU-1366,Dropout,Dropout
STU-0872,Dropout,Dropout
STU-1642,Graduate,Graduate
STU-0038,Dropout,Dropout
STU-4013,Dropout,Dropout
STU-0424,Graduate,Graduate
STU-0821,Graduate,Graduate
STU-2147,Graduate,Graduate
STU-4270,Enrolled,Enrolled
STU-3996,Dropout,Dropout
STU-1003,Graduate,Dropout
STU-0257,Graduate,Graduate
STU-2753,Dropout,Dropout
STU-3972,Graduate,Graduate
STU-1920,Enrolled,Enrolled
STU-1360,Dropout,Dropout
STU-4038,Enrolled,Enrolled
STU-2118,Dropout,Graduate
STU-3896,Graduate,Graduate
STU-1088,Graduate,Graduate
STU-3700,Dropout,Dropout
STU-0352,Graduate,Graduate
STU-2505,Dropout,Dropout
STU-3004,Dropout,Graduate
STU-2658,Enrolled,Graduate
STU-0309,Graduate,Graduate
STU-0700,Dropout,Enrolled
STU-1583,Dropout,Dropout
STU-1775,Enrolled,Enrolled
STU-2473,Dropout,Enrolled
STU-4318,Graduate,Graduate
STU-1402,Graduate,Graduate
STU-2726,Enrolled,Enrolled
STU-1649,Dropout,Graduate
STU-3909,Graduate,Graduate
STU-3593,Dropout,Graduate
STU-2608,Dropout,Graduate
STU-2871,Graduate,Graduate
STU-1098,Graduate,Enrolled
STU-0973,Dropout,Dropout
STU-0653,Graduate,Graduate
STU-4195,Dropout,Dropout
STU-1429,Enrolled,Enrolled
STU-2771,Graduate,Graduate
STU-3212,Enrolled,Enrolled
STU-3131,Graduate,Graduate
STU-4385,Dropout,Dropout
STU-3381,Dropout,Enrolled
STU-4000,Dropout,Graduate
STU-2654,Dropout,Dropout
STU-0003,Dropout,Dropout
STU-0926,Graduate,Graduate
STU-2555,Enrolled,Enrolled
STU-2107,Enrolled,Enrolled
STU-0093,Dropout,Dropout
STU-2852,Graduate,Graduate
STU-0512,Dropout,Dropout
STU-1455,Enrolled,Enrolled
STU-0760,Graduate,Graduate
STU-3741,Dropout,Enrolled
STU-1844,Enrolled,Graduate
STU-0599,Graduate,Graduate
STU-0078,Graduate,Graduate
STU-2910,Dropout,Dropout
STU-2160,Dropout,Enrolled
STU-3221,Dropout,Dropout
STU-2454,Enrolled,Graduate
STU-4045,Graduate,Graduate
STU-3129,Graduate,Graduate
STU-2840,Graduate,Graduate
STU-4247,Dropout,Dropout
STU-3849,Dropout,Dropout
STU-0622,Dropout,Enrolled
STU-3364,Dropout,Dropout
STU-0430,Graduate,Enrolled
STU-0414,Graduate,Graduate
STU-3648,Dropout,Dropout
STU-4019,Graduate,Graduate
STU-3622,Graduate,Graduate
STU-1676,Dropout,Dropout
STU-2677,Dropout,Dropout
STU-2711,Graduate,Graduate
STU-3642,Dropout,Dropout
STU-0187,Enrolled,Dropout
STU-1657,Graduate,Graduate
STU-3060,Graduate,Graduate
STU-4150,Graduate,Graduate
STU-3589,Graduate,Graduate
STU-1401,Enrolled,Graduate
STU-3590,Dropout,Dropout
STU-3101,Graduate,Graduate
STU-4129,Graduate,Graduate
STU-3973,Graduate,Enrolled
STU-2778,Enrolled,Graduate
STU-3677,Graduate,Dropout
STU-4387,Dropout,Enrolled
STU-0556,Dropout,Graduate
STU-2419,Graduate,Graduate
STU-2368,Graduate,Graduate
STU-1802,Graduate,Graduate
STU-4393,Enrolled,Graduate
